"RelativePath","Length","Sha256"
"COORDINATED_FINAL_STDERR.txt","0","E3B0C44298FC1C149AFBF4C8996FB92427AE41E4649B934CA495991B7852B855"
"COORDINATED_FINAL_STDOUT.txt","3587","38F0DE057B513E2025EA5201780100535D6557CA8766FFD4451CA8A693239C9E"
"COORDINATED_MANUAL_STDERR.txt","0","E3B0C44298FC1C149AFBF4C8996FB92427AE41E4649B934CA495991B7852B855"
"COORDINATED_MANUAL_STDOUT.txt","3587","03B90BE0A0BFB388F8E286B6B4944AE0DF007FFE65AEFD969B4F672E359E094F"
"CUSTOMER_MASTER_ROUTINE_REFRESH_QUALIFICATION.md","971","8CEF0B21154AED3DD66FEE3C9EA2AC70F9F735F3A0097FBA3F30EF4F6084FC2F"
"INVOICE_HISTORY_REFRESH_INTEGRATION.md","486","6BCEAAA4C8E2CE504A5FE2B14EC22479DFFF1E8855B08AC0C1375981B1CACA1A"
"OPEN_SALES_ORDER_REFRESH_DESIGN.md","1582","B391DC2DAA57EE91041F56D77C815736F0B9C675FB9626E51269492331BF8F57"
"OPEN_SALES_ORDER_REFRESH_QUALIFICATION.md","1006","DB4BC4BE8951D45D832C371826A85EB19D2753BF8609670CA5CAE65424B9048E"
"OPERATIONS_REFRESH_001_CONTRACT.md","5621","0F44AC74E12D65B1672473523CFA4CB085952EEFCE25566E7B503A55AB14462B"
"OPERATIONS_REFRESH_001_FINAL_REPORT.md","1962","416CB9FEEE14BBD58C8D090CFCD0243C5E983EA1253E970942D707A559822FFB"
"OPERATIONS_REFRESH_API_CONTRACT.md","665","FA5ABF232C2517AA822465E0291BEC2E1D5C4CD03826DDFC82408BD10C9FAC20"
"OPERATIONS_REFRESH_AUDIT_MODEL.md","419","CF72BF8086FDBE08C61B3B9CB5C8483719CB588369DE9DAA600B2552EF828E5B"
"OPERATIONS_REFRESH_BROWSER_ACCEPTANCE.md","1042","CB39C722F637AEE7BE9214B0AD8120DBC9B2FD380827109382BFA7C40C216908"
"OPERATIONS_REFRESH_CONCURRENCY_MATRIX.md","549","8FE05FAD0AF4D79CF6BF1870AD421D3987880CD1C3C081ECC8A09948D3E2E29C"
"OPERATIONS_REFRESH_COORDINATION_POLICY.md","674","203BEBFEC86E6CA6222EF3727B4A40FB562189258252D2BB9B5594B6D644EBA4"
"OPERATIONS_REFRESH_DEPLOYMENT_AND_ROLLBACK.md","1218","1400F59B6AF549047F48FFB87A95C7C88E897992C199B5CBCFFA63C3C07553EF"
"OPERATIONS_REFRESH_FINAL_RUNTIME_EVIDENCE.json","1654","FE956CD38186E5BD8F687F9B0EAFDE131C1ABAB4E110FF7915F082C8F1626E26"
"OPERATIONS_REFRESH_LIVE_ACCEPTANCE.md","990","025027692182523E89F44E197D96532C2101ABFCB62F45863FE53CFD0CF781F2"
"OPERATIONS_REFRESH_SCHEDULE_POLICY.md","611","5C0DBF2A21524EFEAF953EF311B3CAD78F0E4E1C4DA621FF8C32046F6CC757C5"
"OPERATIONS_REFRESH_SECURITY_AND_CORS.md","519","320BBB414ED08ADDAC9743AF205416371F98A8B346CF984B4E0B4A44880B9FF7"
"OPERATIONS_REFRESH_TEST_RESULTS.md","735","1BB8D06428D45E696874EB9101CC60C51539EFA0AA3B59FD05A18A7CDAD6ABD0"
"VProCompileGate\Listing\OPEN_SALES_ORDER_BASE_QUALIFIER.src","6800","434B1C07F446385DCF85388BE9CFB474442C2683620AD84D48D6141647312284"
"VProCompileGate\OPEN_SALES_ORDER_BASE_QUALIFIER.src","4675","ADD233452428947F8EF7D48FD355A4B237F769AA6AD3A2F7B84B03DF1EBDD1AC"
