experiment,attempt_id,source,source_path,vpro_opened,read_limit,fid_hex,fin_first_hex,fin_last_hex,fin_length,within_experiment_changed_offsets,record_count,first_key_hex,last_key_hex,key_order,ordered_key_sha256,ordered_key_record_sha256,file_system_identity_stable,source_mode,write_count,lock_count,mission_owned_processes_remaining
A,RECEIVING_HISTORY_SOURCE_IDENTITY_A-20260730T042817137Z-93D6D5E0,POT-03,X:\AON\ADATA\POT-03,False,0,,,,0,,0,,,True,E3B0C44298FC1C149AFBF4C8996FB92427AE41E4649B934CA495991B7852B855,E3B0C44298FC1C149AFBF4C8996FB92427AE41E4649B934CA495991B7852B855,True,NOT_OPENED,0,0,0
A,RECEIVING_HISTORY_SOURCE_IDENTITY_A-20260730T042817137Z-93D6D5E0,POT-04,X:\AON\ADATA\POT-04,False,0,,,,0,,0,,,True,E3B0C44298FC1C149AFBF4C8996FB92427AE41E4649B934CA495991B7852B855,E3B0C44298FC1C149AFBF4C8996FB92427AE41E4649B934CA495991B7852B855,True,NOT_OPENED,0,0,0
A,RECEIVING_HISTORY_SOURCE_IDENTITY_A-20260730T042817137Z-93D6D5E0,POT-14,X:\AON\ADATA\POT-14,False,0,,,,0,,0,,,True,E3B0C44298FC1C149AFBF4C8996FB92427AE41E4649B934CA495991B7852B855,E3B0C44298FC1C149AFBF4C8996FB92427AE41E4649B934CA495991B7852B855,True,NOT_OPENED,0,0,0
B,RECEIVING_HISTORY_SOURCE_IDENTITY_B-20260730T042835211Z-F7C0B2E1,POT-03,X:\AON\ADATA\POT-03,True,0,061C000000000064583A2F414F4E2F41444154412F504F542D3033,00000200FFFFFFFF00018000000101332CE800000000000000003F475B360000000000000000000000000000000000000000000000000000000000000000000000000000000000000000000000000000000000000000000000000000000000000000000000000000000000000000000000000000000000000000000000000000000000000000000000000000000000000000000000000000000000000000000000000000000000000000000000000000000000000000000000000000000000000000000000000000000000000000000000000000000000000000000000000000000000000000000000000000000000000000000000000000000000000000000000000000000000000000000000000000000000000000000000000000000000000000000000000000000000000000000000000000000000000000000000000000000000000000000000000000000000000000000000000000000000000000000000000000000000000000000000000000000000000000000000000000000000000000000000000000000000000000000000000000000000000000000000000000000000000000000000000000000000000000000000000000000000000000000000000000000000000000000000000000000000000000,00000200FFFFFFFF00018000000101332CE800000000000000003F475B360000000000000000000000000000000000000000000000000000000000000000000000000000000000000000000000000000000000000000000000000000000000000000000000000000000000000000000000000000000000000000000000000000000000000000000000000000000000000000000000000000000000000000000000000000000000000000000000000000000000000000000000000000000000000000000000000000000000000000000000000000000000000000000000000000000000000000000000000000000000000000000000000000000000000000000000000000000000000000000000000000000000000000000000000000000000000000000000000000000000000000000000000000000000000000000000000000000000000000000000000000000000000000000000000000000000000000000000000000000000000000000000000000000000000000000000000000000000000000000000000000000000000000000000000000000000000000000000000000000000000000000000000000000000000000000000000000000000000000000000000000000000000000000000000000000000000000,470,,0,,,True,E3B0C44298FC1C149AFBF4C8996FB92427AE41E4649B934CA495991B7852B855,E3B0C44298FC1C149AFBF4C8996FB92427AE41E4649B934CA495991B7852B855,True,O_RDONLY,0,0,0
B,RECEIVING_HISTORY_SOURCE_IDENTITY_B-20260730T042835211Z-F7C0B2E1,POT-04,X:\AON\ADATA\POT-04,True,0,0616000000000100583A2F414F4E2F41444154412F504F542D3034,00BCA200FFFFFFFF00018000000101332CE800000000000000005CFC5B820000000000000000000000000000000000000000000000000000000000000000000000000000000000000000000000009A8C000000000000000000000000000000000000000000000000000000000000000000000000000000000000000000000000000000000000000000000000000000000000000000000000000000000000000000000000000000000000000000000000000000000000000000000000000000000000000000000000000000000000000000000000000000000000000000000000000000000000000000000000000000000000000000000000000000000000000000000000000000000000000000000000000000000000000000000000000000000000000000000000000000000000000000000000000000000000000000000000000000000000000000000000000000000000000000000000000000000000000000000000000000000000000000000000000000000000000000000000000000000000000000000000000000000000000000000000000000000000000000000000000000000000000000000000000000000000000000000000000000000000000000000000000000000000000000000000000000000000,00BCA200FFFFFFFF00018000000101332CE800000000000000005CFC5B820000000000000000000000000000000000000000000000000000000000000000000000000000000000000000000000009A8C000000000000000000000000000000000000000000000000000000000000000000000000000000000000000000000000000000000000000000000000000000000000000000000000000000000000000000000000000000000000000000000000000000000000000000000000000000000000000000000000000000000000000000000000000000000000000000000000000000000000000000000000000000000000000000000000000000000000000000000000000000000000000000000000000000000000000000000000000000000000000000000000000000000000000000000000000000000000000000000000000000000000000000000000000000000000000000000000000000000000000000000000000000000000000000000000000000000000000000000000000000000000000000000000000000000000000000000000000000000000000000000000000000000000000000000000000000000000000000000000000000000000000000000000000000000000000000000000000000000000,470,,0,,,True,E3B0C44298FC1C149AFBF4C8996FB92427AE41E4649B934CA495991B7852B855,E3B0C44298FC1C149AFBF4C8996FB92427AE41E4649B934CA495991B7852B855,True,O_RDONLY,0,0,0
B,RECEIVING_HISTORY_SOURCE_IDENTITY_B-20260730T042835211Z-F7C0B2E1,POT-14,X:\AON\ADATA\POT-14,True,0,0619000000000100583A2F414F4E2F41444154412F504F542D3134,03A6D600FFFFFFFF00018000000101332CE800000000000000005CFC5B82000000000000000000000000000000000000000000000000000000000000000000000000000000000000000000000002E358000000000000000000000000000000000000000000000000000000000000000000000000000000000000000000000000000000000000000000000000000000000000000000000000000000000000000000000000000000000000000000000000000000000000000000000000000000000000000000000000000000000000000000000000000000000000000000000000000000000000000000000000000000000000000000000000000000000000000000000000000000000000000000000000000000000000000000000000000000000000000000000000000000000000000000000000000000000000000000000000000000000000000000000000000000000000000000000000000000000000000000000000000000000000000000000000000000000000000000000000000000000000000000000000000000000000000000000000000000000000000000000000000000000000000000000000000000000000000000000000000000000000000000000000000000000000000000000000000000000000,03A6D600FFFFFFFF00018000000101332CE800000000000000005CFC5B82000000000000000000000000000000000000000000000000000000000000000000000000000000000000000000000002E358000000000000000000000000000000000000000000000000000000000000000000000000000000000000000000000000000000000000000000000000000000000000000000000000000000000000000000000000000000000000000000000000000000000000000000000000000000000000000000000000000000000000000000000000000000000000000000000000000000000000000000000000000000000000000000000000000000000000000000000000000000000000000000000000000000000000000000000000000000000000000000000000000000000000000000000000000000000000000000000000000000000000000000000000000000000000000000000000000000000000000000000000000000000000000000000000000000000000000000000000000000000000000000000000000000000000000000000000000000000000000000000000000000000000000000000000000000000000000000000000000000000000000000000000000000000000000000000000000000000000,470,,0,,,True,E3B0C44298FC1C149AFBF4C8996FB92427AE41E4649B934CA495991B7852B855,E3B0C44298FC1C149AFBF4C8996FB92427AE41E4649B934CA495991B7852B855,True,O_RDONLY,0,0,0
C,RECEIVING_HISTORY_SOURCE_IDENTITY_C-20260730T042854105Z-DFB4C4F5,POT-03,X:\AON\ADATA\POT-03,True,1,061C000000000064583A2F414F4E2F41444154412F504F542D3033,00000200FFFFFFFF000180000001029C2D7800000000000000003F475B360000000000000000000000000000000000000000000000000000000000000000000000000000000000000000000000000000000000000000000000000000000000000000000000000000000000000000000000000000000000000000000000000000000000000000000000000000000000000000000000000000000000000000000000000000000000000000000000000000000000000000000000000000000000000000000000000000000000000000000000000000000000000000000000000000000000000000000000000000000000000000000000000000000000000000000000000000000000000000000000000000000000000000000000000000000000000000000000000000000000000000000000000000000000000000000000000000000000000000000000000000000000000000000000000000000000000000000000000000000000000000000000000000000000000000000000000000000000000000000000000000000000000000000000000000000000000000000000000000000000000000000000000000000000000000000000000000000000000000000000000000000000000000000000000000000000000000,00000200FFFFFFFF000180000001029C2D7800000000000000003F475B360000000000000000000000000000000000000000000000000000000000000000000000000000000000000000000000000000000000000000000000000000000000000000000000000000000000000000000000000000000000000000000000000000000000000000000000000000000000000000000000000000000000000000000000000000000000000000000000000000000000000000000000000000000000000000000000000000000000000000000000000000000000000000000000000000000000000000000000000000000000000000000000000000000000000000000000000000000000000000000000000000000000000000000000000000000000000000000000000000000000000000000000000000000000000000000000000000000000000000000000000000000000000000000000000000000000000000000000000000000000000000000000000000000000000000000000000000000000000000000000000000000000000000000000000000000000000000000000000000000000000000000000000000000000000000000000000000000000000000000000000000000000000000000000000000000000000000,470,,0,,,True,E3B0C44298FC1C149AFBF4C8996FB92427AE41E4649B934CA495991B7852B855,E3B0C44298FC1C149AFBF4C8996FB92427AE41E4649B934CA495991B7852B855,True,O_RDONLY,0,0,0
C,RECEIVING_HISTORY_SOURCE_IDENTITY_C-20260730T042854105Z-DFB4C4F5,POT-04,X:\AON\ADATA\POT-04,True,1,0616000000000100583A2F414F4E2F41444154412F504F542D3034,00BCA200FFFFFFFF000180000001029C2D7800000000000000005CFC5B820000000000000000000000000000000000000000000000000000000000000000000000000000000000000000000000009A8C000000000000000000000000000000000000000000000000000000000000000000000000000000000000000000000000000000000000000000000000000000000000000000000000000000000000000000000000000000000000000000000000000000000000000000000000000000000000000000000000000000000000000000000000000000000000000000000000000000000000000000000000000000000000000000000000000000000000000000000000000000000000000000000000000000000000000000000000000000000000000000000000000000000000000000000000000000000000000000000000000000000000000000000000000000000000000000000000000000000000000000000000000000000000000000000000000000000000000000000000000000000000000000000000000000000000000000000000000000000000000000000000000000000000000000000000000000000000000000000000000000000000000000000000000000000000000000000000000000000000,00BCA200FFFFFFFF000180000001029C2D7800000000000000005CFC5B820000000000000000000000000000000000000000000000000000000000000000000000000000000000000000000000009A8C000000000000000000000000000000000000000000000000000000000000000000000000000000000000000000000000000000000000000000000000000000000000000000000000000000000000000000000000000000000000000000000000000000000000000000000000000000000000000000000000000000000000000000000000000000000000000000000000000000000000000000000000000000000000000000000000000000000000000000000000000000000000000000000000000000000000000000000000000000000000000000000000000000000000000000000000000000000000000000000000000000000000000000000000000000000000000000000000000000000000000000000000000000000000000000000000000000000000000000000000000000000000000000000000000000000000000000000000000000000000000000000000000000000000000000000000000000000000000000000000000000000000000000000000000000000000000000000000000000000000,470,,1,30313030303030323030313031373230303030343534,30313030303030323030313031373230303030343534,True,757224C0DF8EC0A64FF043366CB651AEB6A4266A88F3638E2994DBE7F1503361,8B7E028860B30A45C8FD2834EEA0783C8467CE3392B0606EB634CC8A213D008B,True,O_RDONLY,0,0,0
C,RECEIVING_HISTORY_SOURCE_IDENTITY_C-20260730T042854105Z-DFB4C4F5,POT-14,X:\AON\ADATA\POT-14,True,1,0619000000000100583A2F414F4E2F41444154412F504F542D3134,03A6D600FFFFFFFF000180000001029C2D7800000000000000005CFC5B82000000000000000000000000000000000000000000000000000000000000000000000000000000000000000000000002E358000000000000000000000000000000000000000000000000000000000000000000000000000000000000000000000000000000000000000000000000000000000000000000000000000000000000000000000000000000000000000000000000000000000000000000000000000000000000000000000000000000000000000000000000000000000000000000000000000000000000000000000000000000000000000000000000000000000000000000000000000000000000000000000000000000000000000000000000000000000000000000000000000000000000000000000000000000000000000000000000000000000000000000000000000000000000000000000000000000000000000000000000000000000000000000000000000000000000000000000000000000000000000000000000000000000000000000000000000000000000000000000000000000000000000000000000000000000000000000000000000000000000000000000000000000000000000000000000000000000000,03A6D600FFFFFFFF000180000001029C2D7800000000000000005CFC5B82000000000000000000000000000000000000000000000000000000000000000000000000000000000000000000000002E358000000000000000000000000000000000000000000000000000000000000000000000000000000000000000000000000000000000000000000000000000000000000000000000000000000000000000000000000000000000000000000000000000000000000000000000000000000000000000000000000000000000000000000000000000000000000000000000000000000000000000000000000000000000000000000000000000000000000000000000000000000000000000000000000000000000000000000000000000000000000000000000000000000000000000000000000000000000000000000000000000000000000000000000000000000000000000000000000000000000000000000000000000000000000000000000000000000000000000000000000000000000000000000000000000000000000000000000000000000000000000000000000000000000000000000000000000000000000000000000000000000000000000000000000000000000000000000000000000000000000,470,,1,30313030303030323030313031373230303030343534303031,30313030303030323030313031373230303030343534303031,True,17F61FA6420A14B5AC93FA40DCD61E2CC8224AD402F229190C465BE63410C900,8679A1977A88CAEB79A7ED67CF0FF977EDC0AA245ADDFF75F4A3CB38E56102C8,True,O_RDONLY,0,0,0
D,RECEIVING_HISTORY_SOURCE_IDENTITY_D-20260730T042908076Z-163EB413,POT-03,X:\AON\ADATA\POT-03,True,100,061C000000000064583A2F414F4E2F41444154412F504F542D3033,00000200FFFFFFFF00018000000102942E3800000000000000003F475B360000000000000000000000000000000000000000000000000000000000000000000000000000000000000000000000000000000000000000000000000000000000000000000000000000000000000000000000000000000000000000000000000000000000000000000000000000000000000000000000000000000000000000000000000000000000000000000000000000000000000000000000000000000000000000000000000000000000000000000000000000000000000000000000000000000000000000000000000000000000000000000000000000000000000000000000000000000000000000000000000000000000000000000000000000000000000000000000000000000000000000000000000000000000000000000000000000000000000000000000000000000000000000000000000000000000000000000000000000000000000000000000000000000000000000000000000000000000000000000000000000000000000000000000000000000000000000000000000000000000000000000000000000000000000000000000000000000000000000000000000000000000000000000000000000000000000000,00000200FFFFFFFF00018000000102942E3800000000000000003F475B360000000000000000000000000000000000000000000000000000000000000000000000000000000000000000000000000000000000000000000000000000000000000000000000000000000000000000000000000000000000000000000000000000000000000000000000000000000000000000000000000000000000000000000000000000000000000000000000000000000000000000000000000000000000000000000000000000000000000000000000000000000000000000000000000000000000000000000000000000000000000000000000000000000000000000000000000000000000000000000000000000000000000000000000000000000000000000000000000000000000000000000000000000000000000000000000000000000000000000000000000000000000000000000000000000000000000000000000000000000000000000000000000000000000000000000000000000000000000000000000000000000000000000000000000000000000000000000000000000000000000000000000000000000000000000000000000000000000000000000000000000000000000000000000000000000000000000,470,,0,,,True,E3B0C44298FC1C149AFBF4C8996FB92427AE41E4649B934CA495991B7852B855,E3B0C44298FC1C149AFBF4C8996FB92427AE41E4649B934CA495991B7852B855,True,O_RDONLY,0,0,0
D,RECEIVING_HISTORY_SOURCE_IDENTITY_D-20260730T042908076Z-163EB413,POT-04,X:\AON\ADATA\POT-04,True,100,0616000000000100583A2F414F4E2F41444154412F504F542D3034,00BCA200FFFFFFFF00018000000102942E3800000000000000005CFC5B820000000000000000000000000000000000000000000000000000000000000000000000000000000000000000000000009A8C000000000000000000000000000000000000000000000000000000000000000000000000000000000000000000000000000000000000000000000000000000000000000000000000000000000000000000000000000000000000000000000000000000000000000000000000000000000000000000000000000000000000000000000000000000000000000000000000000000000000000000000000000000000000000000000000000000000000000000000000000000000000000000000000000000000000000000000000000000000000000000000000000000000000000000000000000000000000000000000000000000000000000000000000000000000000000000000000000000000000000000000000000000000000000000000000000000000000000000000000000000000000000000000000000000000000000000000000000000000000000000000000000000000000000000000000000000000000000000000000000000000000000000000000000000000000000000000000000000000000,00BCA200FFFFFFFF00018000000102942E3800000000000000005CFC5B820000000000000000000000000000000000000000000000000000000000000000000000000000000000000000000000009A8C000000000000000000000000000000000000000000000000000000000000000000000000000000000000000000000000000000000000000000000000000000000000000000000000000000000000000000000000000000000000000000000000000000000000000000000000000000000000000000000000000000000000000000000000000000000000000000000000000000000000000000000000000000000000000000000000000000000000000000000000000000000000000000000000000000000000000000000000000000000000000000000000000000000000000000000000000000000000000000000000000000000000000000000000000000000000000000000000000000000000000000000000000000000000000000000000000000000000000000000000000000000000000000000000000000000000000000000000000000000000000000000000000000000000000000000000000000000000000000000000000000000000000000000000000000000000000000000000000000000000,470,,100,30313030303030323030313031373230303030343534,30313030303030373030313238333830303038323138,True,2FCF004C19415E26379D8E6D0C9A6447B8464A9BE4DAC4660B30F4B124441877,481B4971DCDB72D88812B9A192DC4B04300C6B9618EF61E4F85AD1FA7E3FBC28,True,O_RDONLY,0,0,0
D,RECEIVING_HISTORY_SOURCE_IDENTITY_D-20260730T042908076Z-163EB413,POT-14,X:\AON\ADATA\POT-14,True,100,0619000000000100583A2F414F4E2F41444154412F504F542D3134,03A6D600FFFFFFFF00018000000102942E3800000000000000005CFC5B82000000000000000000000000000000000000000000000000000000000000000000000000000000000000000000000002E358000000000000000000000000000000000000000000000000000000000000000000000000000000000000000000000000000000000000000000000000000000000000000000000000000000000000000000000000000000000000000000000000000000000000000000000000000000000000000000000000000000000000000000000000000000000000000000000000000000000000000000000000000000000000000000000000000000000000000000000000000000000000000000000000000000000000000000000000000000000000000000000000000000000000000000000000000000000000000000000000000000000000000000000000000000000000000000000000000000000000000000000000000000000000000000000000000000000000000000000000000000000000000000000000000000000000000000000000000000000000000000000000000000000000000000000000000000000000000000000000000000000000000000000000000000000000000000000000000000000000,03A6D600FFFFFFFF00018000000102942E3800000000000000005CFC5B82000000000000000000000000000000000000000000000000000000000000000000000000000000000000000000000002E358000000000000000000000000000000000000000000000000000000000000000000000000000000000000000000000000000000000000000000000000000000000000000000000000000000000000000000000000000000000000000000000000000000000000000000000000000000000000000000000000000000000000000000000000000000000000000000000000000000000000000000000000000000000000000000000000000000000000000000000000000000000000000000000000000000000000000000000000000000000000000000000000000000000000000000000000000000000000000000000000000000000000000000000000000000000000000000000000000000000000000000000000000000000000000000000000000000000000000000000000000000000000000000000000000000000000000000000000000000000000000000000000000000000000000000000000000000000000000000000000000000000000000000000000000000000000000000000000000000000000,470,,100,30313030303030323030313031373230303030343534303031,30313030303030373030313034333830303030373033303032,True,4C7D9BD332C632D7BC9F28F21696708F8BA79CE1E24BBCB636914585391CB91C,02EFD1D5CD755830AED16713F18E9E2612A146AD3F3E6C26AD69052589FF0773,True,O_RDONLY,0,0,0
E,RECEIVING_HISTORY_SOURCE_IDENTITY_E-20260730T043032936Z-AB44A40A,POT-03,X:\AON\ADATA\POT-03,True,FULL,061C000000000064583A2F414F4E2F41444154412F504F542D3033,00000200FFFFFFFF000180000001033DF28000000000000000003F475B360000000000000000000000000000000000000000000000000000000000000000000000000000000000000000000000000000000000000000000000000000000000000000000000000000000000000000000000000000000000000000000000000000000000000000000000000000000000000000000000000000000000000000000000000000000000000000000000000000000000000000000000000000000000000000000000000000000000000000000000000000000000000000000000000000000000000000000000000000000000000000000000000000000000000000000000000000000000000000000000000000000000000000000000000000000000000000000000000000000000000000000000000000000000000000000000000000000000000000000000000000000000000000000000000000000000000000000000000000000000000000000000000000000000000000000000000000000000000000000000000000000000000000000000000000000000000000000000000000000000000000000000000000000000000000000000000000000000000000000000000000000000000000000000000000000000000000,00000200FFFFFFFF000180000001033DF28000000000000000003F475B360000000000000000000000000000000000000000000000000000000000000000000000000000000000000000000000000000000000000000000000000000000000000000000000000000000000000000000000000000000000000000000000000000000000000000000000000000000000000000000000000000000000000000000000000000000000000000000000000000000000000000000000000000000000000000000000000000000000000000000000000000000000000000000000000000000000000000000000000000000000000000000000000000000000000000000000000000000000000000000000000000000000000000000000000000000000000000000000000000000000000000000000000000000000000000000000000000000000000000000000000000000000000000000000000000000000000000000000000000000000000000000000000000000000000000000000000000000000000000000000000000000000000000000000000000000000000000000000000000000000000000000000000000000000000000000000000000000000000000000000000000000000000000000000000000000000000000,470,,0,,,True,E3B0C44298FC1C149AFBF4C8996FB92427AE41E4649B934CA495991B7852B855,E3B0C44298FC1C149AFBF4C8996FB92427AE41E4649B934CA495991B7852B855,True,O_RDONLY,0,0,0
E,RECEIVING_HISTORY_SOURCE_IDENTITY_E-20260730T043032936Z-AB44A40A,POT-04,X:\AON\ADATA\POT-04,True,FULL,0616000000000100583A2F414F4E2F41444154412F504F542D3034,00BCA200FFFFFFFF000180000001033DF28000000000000000005CFC5B820000000000000000000000000000000000000000000000000000000000000000000000000000000000000000000000009A8C000000000000000000000000000000000000000000000000000000000000000000000000000000000000000000000000000000000000000000000000000000000000000000000000000000000000000000000000000000000000000000000000000000000000000000000000000000000000000000000000000000000000000000000000000000000000000000000000000000000000000000000000000000000000000000000000000000000000000000000000000000000000000000000000000000000000000000000000000000000000000000000000000000000000000000000000000000000000000000000000000000000000000000000000000000000000000000000000000000000000000000000000000000000000000000000000000000000000000000000000000000000000000000000000000000000000000000000000000000000000000000000000000000000000000000000000000000000000000000000000000000000000000000000000000000000000000000000000000000000000,00BCA200FFFFFFFF000180000001033DF28000000000000000005CFC5B820000000000000000000000000000000000000000000000000000000000000000000000000000000000000000000000009A8C000000000000000000000000000000000000000000000000000000000000000000000000000000000000000000000000000000000000000000000000000000000000000000000000000000000000000000000000000000000000000000000000000000000000000000000000000000000000000000000000000000000000000000000000000000000000000000000000000000000000000000000000000000000000000000000000000000000000000000000000000000000000000000000000000000000000000000000000000000000000000000000000000000000000000000000000000000000000000000000000000000000000000000000000000000000000000000000000000000000000000000000000000000000000000000000000000000000000000000000000000000000000000000000000000000000000000000000000000000000000000000000000000000000000000000000000000000000000000000000000000000000000000000000000000000000000000000000000000000000000,470,,39564,30313030303030323030313031373230303030343534,30313935343532353030313630343530303131363330,True,354404CC9A093051FD32DB808D506E18C47E2EF571E1A4BE7E9B3B9F8CBCAC1E,4F718D7C8074259F5CE9B706B278BD00C6456A1B478DDB0535A2AD231CA092F7,True,O_RDONLY,0,0,0
E,RECEIVING_HISTORY_SOURCE_IDENTITY_E-20260730T043032936Z-AB44A40A,POT-14,X:\AON\ADATA\POT-14,True,FULL,0619000000000100583A2F414F4E2F41444154412F504F542D3134,03A6D600FFFFFFFF000180000001011F747000000000000000005CFC5B82000000000000000000000000000000000000000000000000000000000000000000000000000000000000000000000002E358000000000000000000000000000000000000000000000000000000000000000000000000000000000000000000000000000000000000000000000000000000000000000000000000000000000000000000000000000000000000000000000000000000000000000000000000000000000000000000000000000000000000000000000000000000000000000000000000000000000000000000000000000000000000000000000000000000000000000000000000000000000000000000000000000000000000000000000000000000000000000000000000000000000000000000000000000000000000000000000000000000000000000000000000000000000000000000000000000000000000000000000000000000000000000000000000000000000000000000000000000000000000000000000000000000000000000000000000000000000000000000000000000000000000000000000000000000000000000000000000000000000000000000000000000000000000000000000000000000000000,03A6D600FFFFFFFF000180000001011F747000000000000000005CFC5B82000000000000000000000000000000000000000000000000000000000000000000000000000000000000000000000002E358000000000000000000000000000000000000000000000000000000000000000000000000000000000000000000000000000000000000000000000000000000000000000000000000000000000000000000000000000000000000000000000000000000000000000000000000000000000000000000000000000000000000000000000000000000000000000000000000000000000000000000000000000000000000000000000000000000000000000000000000000000000000000000000000000000000000000000000000000000000000000000000000000000000000000000000000000000000000000000000000000000000000000000000000000000000000000000000000000000000000000000000000000000000000000000000000000000000000000000000000000000000000000000000000000000000000000000000000000000000000000000000000000000000000000000000000000000000000000000000000000000000000000000000000000000000000000000000000000000000000,470,,189272,30313030303030323030313031373230303030343534303031,30313935343532353030313630343530303131363330303035,True,9863966526BAC47658F841AF0AFEEC991B8AF95DDD5AF78A365BB7EFA55B5656,3D29ACF8903E0794B8ADA3939DE9E6EAD33D5C02C8BC451EF5169383CDAD1F33,True,O_RDONLY,0,0,0
F,RECEIVING_HISTORY_SOURCE_IDENTITY_F-20260730T044640436Z-5C834B5A,POT-03,X:\AON\ADATA\POT-03,True,FULL,061C000000000064583A2F414F4E2F41444154412F504F542D3033,00000200FFFFFFFF0001800000010341F28000000000000000003F475B360000000000000000000000000000000000000000000000000000000000000000000000000000000000000000000000000000000000000000000000000000000000000000000000000000000000000000000000000000000000000000000000000000000000000000000000000000000000000000000000000000000000000000000000000000000000000000000000000000000000000000000000000000000000000000000000000000000000000000000000000000000000000000000000000000000000000000000000000000000000000000000000000000000000000000000000000000000000000000000000000000000000000000000000000000000000000000000000000000000000000000000000000000000000000000000000000000000000000000000000000000000000000000000000000000000000000000000000000000000000000000000000000000000000000000000000000000000000000000000000000000000000000000000000000000000000000000000000000000000000000000000000000000000000000000000000000000000000000000000000000000000000000000000000000000000000000000,00000200FFFFFFFF0001800000010341F28000000000000000003F475B360000000000000000000000000000000000000000000000000000000000000000000000000000000000000000000000000000000000000000000000000000000000000000000000000000000000000000000000000000000000000000000000000000000000000000000000000000000000000000000000000000000000000000000000000000000000000000000000000000000000000000000000000000000000000000000000000000000000000000000000000000000000000000000000000000000000000000000000000000000000000000000000000000000000000000000000000000000000000000000000000000000000000000000000000000000000000000000000000000000000000000000000000000000000000000000000000000000000000000000000000000000000000000000000000000000000000000000000000000000000000000000000000000000000000000000000000000000000000000000000000000000000000000000000000000000000000000000000000000000000000000000000000000000000000000000000000000000000000000000000000000000000000000000000000000000000000000,470,,0,,,True,E3B0C44298FC1C149AFBF4C8996FB92427AE41E4649B934CA495991B7852B855,E3B0C44298FC1C149AFBF4C8996FB92427AE41E4649B934CA495991B7852B855,True,O_RDONLY,0,0,0
F,RECEIVING_HISTORY_SOURCE_IDENTITY_F-20260730T044640436Z-5C834B5A,POT-04,X:\AON\ADATA\POT-04,True,FULL,0616000000000100583A2F414F4E2F41444154412F504F542D3034,00BCA200FFFFFFFF0001800000010341F28000000000000000005CFC5B820000000000000000000000000000000000000000000000000000000000000000000000000000000000000000000000009A8C000000000000000000000000000000000000000000000000000000000000000000000000000000000000000000000000000000000000000000000000000000000000000000000000000000000000000000000000000000000000000000000000000000000000000000000000000000000000000000000000000000000000000000000000000000000000000000000000000000000000000000000000000000000000000000000000000000000000000000000000000000000000000000000000000000000000000000000000000000000000000000000000000000000000000000000000000000000000000000000000000000000000000000000000000000000000000000000000000000000000000000000000000000000000000000000000000000000000000000000000000000000000000000000000000000000000000000000000000000000000000000000000000000000000000000000000000000000000000000000000000000000000000000000000000000000000000000000000000000000000,00BCA200FFFFFFFF0001800000010341F28000000000000000005CFC5B820000000000000000000000000000000000000000000000000000000000000000000000000000000000000000000000009A8C000000000000000000000000000000000000000000000000000000000000000000000000000000000000000000000000000000000000000000000000000000000000000000000000000000000000000000000000000000000000000000000000000000000000000000000000000000000000000000000000000000000000000000000000000000000000000000000000000000000000000000000000000000000000000000000000000000000000000000000000000000000000000000000000000000000000000000000000000000000000000000000000000000000000000000000000000000000000000000000000000000000000000000000000000000000000000000000000000000000000000000000000000000000000000000000000000000000000000000000000000000000000000000000000000000000000000000000000000000000000000000000000000000000000000000000000000000000000000000000000000000000000000000000000000000000000000000000000000000000000,470,,39564,30313030303030323030313031373230303030343534,30313935343532353030313630343530303131363330,True,354404CC9A093051FD32DB808D506E18C47E2EF571E1A4BE7E9B3B9F8CBCAC1E,4F718D7C8074259F5CE9B706B278BD00C6456A1B478DDB0535A2AD231CA092F7,True,O_RDONLY,0,0,0
F,RECEIVING_HISTORY_SOURCE_IDENTITY_F-20260730T044640436Z-5C834B5A,POT-14,X:\AON\ADATA\POT-14,True,FULL,0619000000000100583A2F414F4E2F41444154412F504F542D3134,03A6D600FFFFFFFF000180000001011572D800000000000000005CFC5B82000000000000000000000000000000000000000000000000000000000000000000000000000000000000000000000002E358000000000000000000000000000000000000000000000000000000000000000000000000000000000000000000000000000000000000000000000000000000000000000000000000000000000000000000000000000000000000000000000000000000000000000000000000000000000000000000000000000000000000000000000000000000000000000000000000000000000000000000000000000000000000000000000000000000000000000000000000000000000000000000000000000000000000000000000000000000000000000000000000000000000000000000000000000000000000000000000000000000000000000000000000000000000000000000000000000000000000000000000000000000000000000000000000000000000000000000000000000000000000000000000000000000000000000000000000000000000000000000000000000000000000000000000000000000000000000000000000000000000000000000000000000000000000000000000000000000000000,03A6D600FFFFFFFF000180000001011572D800000000000000005CFC5B82000000000000000000000000000000000000000000000000000000000000000000000000000000000000000000000002E358000000000000000000000000000000000000000000000000000000000000000000000000000000000000000000000000000000000000000000000000000000000000000000000000000000000000000000000000000000000000000000000000000000000000000000000000000000000000000000000000000000000000000000000000000000000000000000000000000000000000000000000000000000000000000000000000000000000000000000000000000000000000000000000000000000000000000000000000000000000000000000000000000000000000000000000000000000000000000000000000000000000000000000000000000000000000000000000000000000000000000000000000000000000000000000000000000000000000000000000000000000000000000000000000000000000000000000000000000000000000000000000000000000000000000000000000000000000000000000000000000000000000000000000000000000000000000000000000000000000000,470,,189272,30313030303030323030313031373230303030343534303031,30313935343532353030313630343530303131363330303035,True,9863966526BAC47658F841AF0AFEEC991B8AF95DDD5AF78A365BB7EFA55B5656,3D29ACF8903E0794B8ADA3939DE9E6EAD33D5C02C8BC451EF5169383CDAD1F33,True,O_RDONLY,0,0,0
G,RECEIVING_HISTORY_SOURCE_IDENTITY_G-20260730T050316102Z-8D934ED1,POT-03,X:\AON\ADATA\POT-03,True,0,061C000000000064583A2F414F4E2F41444154412F504F542D3033,00000200FFFFFFFF000180000001033BF28000000000000000003F475B360000000000000000000000000000000000000000000000000000000000000000000000000000000000000000000000000000000000000000000000000000000000000000000000000000000000000000000000000000000000000000000000000000000000000000000000000000000000000000000000000000000000000000000000000000000000000000000000000000000000000000000000000000000000000000000000000000000000000000000000000000000000000000000000000000000000000000000000000000000000000000000000000000000000000000000000000000000000000000000000000000000000000000000000000000000000000000000000000000000000000000000000000000000000000000000000000000000000000000000000000000000000000000000000000000000000000000000000000000000000000000000000000000000000000000000000000000000000000000000000000000000000000000000000000000000000000000000000000000000000000000000000000000000000000000000000000000000000000000000000000000000000000000000000000000000000000000,00000200FFFFFFFF000180000001033BF28000000000000000003F475B360000000000000000000000000000000000000000000000000000000000000000000000000000000000000000000000000000000000000000000000000000000000000000000000000000000000000000000000000000000000000000000000000000000000000000000000000000000000000000000000000000000000000000000000000000000000000000000000000000000000000000000000000000000000000000000000000000000000000000000000000000000000000000000000000000000000000000000000000000000000000000000000000000000000000000000000000000000000000000000000000000000000000000000000000000000000000000000000000000000000000000000000000000000000000000000000000000000000000000000000000000000000000000000000000000000000000000000000000000000000000000000000000000000000000000000000000000000000000000000000000000000000000000000000000000000000000000000000000000000000000000000000000000000000000000000000000000000000000000000000000000000000000000000000000000000000000000,470,,0,,,True,E3B0C44298FC1C149AFBF4C8996FB92427AE41E4649B934CA495991B7852B855,E3B0C44298FC1C149AFBF4C8996FB92427AE41E4649B934CA495991B7852B855,True,O_RDONLY,0,0,0
G,RECEIVING_HISTORY_SOURCE_IDENTITY_G-20260730T050316102Z-8D934ED1,POT-04,X:\AON\ADATA\POT-04,True,0,0616000000000100583A2F414F4E2F41444154412F504F542D3034,00BCA200FFFFFFFF000180000001033BF28000000000000000005CFC5B820000000000000000000000000000000000000000000000000000000000000000000000000000000000000000000000009A8C000000000000000000000000000000000000000000000000000000000000000000000000000000000000000000000000000000000000000000000000000000000000000000000000000000000000000000000000000000000000000000000000000000000000000000000000000000000000000000000000000000000000000000000000000000000000000000000000000000000000000000000000000000000000000000000000000000000000000000000000000000000000000000000000000000000000000000000000000000000000000000000000000000000000000000000000000000000000000000000000000000000000000000000000000000000000000000000000000000000000000000000000000000000000000000000000000000000000000000000000000000000000000000000000000000000000000000000000000000000000000000000000000000000000000000000000000000000000000000000000000000000000000000000000000000000000000000000000000000000000,00BCA200FFFFFFFF000180000001033BF28000000000000000005CFC5B820000000000000000000000000000000000000000000000000000000000000000000000000000000000000000000000009A8C000000000000000000000000000000000000000000000000000000000000000000000000000000000000000000000000000000000000000000000000000000000000000000000000000000000000000000000000000000000000000000000000000000000000000000000000000000000000000000000000000000000000000000000000000000000000000000000000000000000000000000000000000000000000000000000000000000000000000000000000000000000000000000000000000000000000000000000000000000000000000000000000000000000000000000000000000000000000000000000000000000000000000000000000000000000000000000000000000000000000000000000000000000000000000000000000000000000000000000000000000000000000000000000000000000000000000000000000000000000000000000000000000000000000000000000000000000000000000000000000000000000000000000000000000000000000000000000000000000000000,470,,0,,,True,E3B0C44298FC1C149AFBF4C8996FB92427AE41E4649B934CA495991B7852B855,E3B0C44298FC1C149AFBF4C8996FB92427AE41E4649B934CA495991B7852B855,True,O_RDONLY,0,0,0
G,RECEIVING_HISTORY_SOURCE_IDENTITY_G-20260730T050316102Z-8D934ED1,POT-14,X:\AON\ADATA\POT-14,True,0,0619000000000100583A2F414F4E2F41444154412F504F542D3134,03A6D600FFFFFFFF000180000001033BF28000000000000000005CFC5B82000000000000000000000000000000000000000000000000000000000000000000000000000000000000000000000002E358000000000000000000000000000000000000000000000000000000000000000000000000000000000000000000000000000000000000000000000000000000000000000000000000000000000000000000000000000000000000000000000000000000000000000000000000000000000000000000000000000000000000000000000000000000000000000000000000000000000000000000000000000000000000000000000000000000000000000000000000000000000000000000000000000000000000000000000000000000000000000000000000000000000000000000000000000000000000000000000000000000000000000000000000000000000000000000000000000000000000000000000000000000000000000000000000000000000000000000000000000000000000000000000000000000000000000000000000000000000000000000000000000000000000000000000000000000000000000000000000000000000000000000000000000000000000000000000000000000000000,03A6D600FFFFFFFF000180000001033BF28000000000000000005CFC5B82000000000000000000000000000000000000000000000000000000000000000000000000000000000000000000000002E358000000000000000000000000000000000000000000000000000000000000000000000000000000000000000000000000000000000000000000000000000000000000000000000000000000000000000000000000000000000000000000000000000000000000000000000000000000000000000000000000000000000000000000000000000000000000000000000000000000000000000000000000000000000000000000000000000000000000000000000000000000000000000000000000000000000000000000000000000000000000000000000000000000000000000000000000000000000000000000000000000000000000000000000000000000000000000000000000000000000000000000000000000000000000000000000000000000000000000000000000000000000000000000000000000000000000000000000000000000000000000000000000000000000000000000000000000000000000000000000000000000000000000000000000000000000000000000000000000000000000,470,,0,,,True,E3B0C44298FC1C149AFBF4C8996FB92427AE41E4649B934CA495991B7852B855,E3B0C44298FC1C149AFBF4C8996FB92427AE41E4649B934CA495991B7852B855,True,O_RDONLY,0,0,0
