"Path","Bytes","Sha256"
"CONTINUATION_COMPILE_METADATA.json","758","45E5FD7E373AD30487CA7B39BBAACC8A44E0C80801C0A7EB5E8F634F493C3787"
"CONTINUATION_HARNESS.stderr.log","0","E3B0C44298FC1C149AFBF4C8996FB92427AE41E4649B934CA495991B7852B855"
"CONTINUATION_HARNESS.stdout.log","0","E3B0C44298FC1C149AFBF4C8996FB92427AE41E4649B934CA495991B7852B855"
"CONTINUATION_PROCESS_LEDGER.json","1542","2CC09A7943A83C8313352DCDC4F214200B44BAB3F7EBC1FB25ADBCEB77CEB52E"
"CONTINUATION_QUALIFIER_EVENTS.jsonl","3139","F5568B8E981BE7B92111F0045E540EDEAE8666D89FB5B10686DBECF4B16EB72D"
"CONTINUATION_SOURCE_PASS_SUMMARY.csv","10751","F7150B466117C20E1BF66FAC17D6386CFAFAB9BEDCE4A387949B22DEF4E1C4DA"
"CONTINUATION_STREAM_FINGERPRINTS.json","2136","1292559BEAC7E401AD0D65B707500E9634353DD980BC9A00BD25D7E62B87EBEF"
"CONTINUATION_VARIABLE_PREFLIGHT.json","372","36AB20F99AE1EFEAAB9E4A4AFC088006EA3394B2F328001311640ABCAC46666C"
"HARNESS_ATTEMPT_VERDICT.json","5117","A5D6FF63470E96ABADA0836386EEAC3B4B25F220474F696B90D37839B8A1C0FB"
"HARNESS_PROCESS_LEDGER.json","1543","6F662EF884D13695DD2E29066C64C122F39CFD347D07F24DA9C3CB63029B2D76"
"POLICY_QUALIFICATION_OPERATOR.stderr.log","0","E3B0C44298FC1C149AFBF4C8996FB92427AE41E4649B934CA495991B7852B855"
"POLICY_QUALIFICATION_OPERATOR.stdout.log","5494","E0EE4C763726AB052D934A4B14AC72EEE01D8EBEC7FCA06774617622E8B00A77"
"POLICY_QUALIFIED_TWO_PASS_VALIDATION.json","4843","A602133BBBDC492BD1E44521B3DF26805B944D4B1FC512704A1A025AA4879AE4"
"PROGRAM_LISTING_SOURCE_IDENTITY.json","24652","4FDF619A8711BDAD9A6CBF068FB133480384249994DD80017BF94255F11B922C"
"QUIET_WINDOW_CONTINUATION_PREFLIGHT.json","1067","3ED65AF1AFAB30C27A73B1F3E46BADFEBFC2478F0F1DEB655764BBF3A0D36E41"
"RECEIVING_HISTORY_ACCESS_CLASSIFICATION.csv","1928","AF0ACA13C040907A4161ED14FEE6E4F44A92E030EFA62B6AD23F2EF17AA51F24"
"RECEIVING_HISTORY_ADDITIONAL_DATE_BLOCKER.csv","579","A09CACED4E51A5EFFA43FA53E7E5DE81DB1869236EEAE4CF4D3A5A6198AE2187"
"RECEIVING_HISTORY_ADDITIVE_DATE_QUALITY.md","4190","675D52C949D92E413C44043AD9E9C1A007F2BDF6279321FD1AF89D22ACC9D23F"
"RECEIVING_HISTORY_API_CONTRACT.md","1404","6665028A6234465DCEE1B1B90DDF45B3163B1E181B2AB0AE57C863E422B8DB38"
"RECEIVING_HISTORY_BASELINE_EXTRACTION_REPORT.md","716","921F0FAEBA719EDAF6C42DB7281B1A2D2AE5E6561CF00376C9429F7BF29758E8"
"RECEIVING_HISTORY_BROWSER_ACCEPTANCE.md","2611","0AC5C5CE89586C9AC481CAFE9EDE1DCB9CC72C35363A34FE6140CAE7F739AE08"
"RECEIVING_HISTORY_CANONICAL_PROPOSAL.md","1598","0CF289D9B709BBE557787AEB7BF8F83A2DF4B21111B129393E010EEEF373D167"
"RECEIVING_HISTORY_CONTINUATION_QUALIFICATION.md","1943","AF363472A3AC07773D053A6B7128553E50789552D148C5A2585933CEF372198D"
"RECEIVING_HISTORY_CROSS_PASS_IDENTITY_FAILURE.json","1287","EE6D66850F68BEC2B5D1C686600C9BDF58CADFFE0C5D7AE2A916E425B1F31B52"
"RECEIVING_HISTORY_DATE_DECODE_INVESTIGATION.md","5695","283D7F3DB23062E3B3E3B9A68C702DA41078B0FBEB485B9F48CC90138D1EAE51"
"RECEIVING_HISTORY_DATE_DECODE_SAMPLES.csv","2222","9ECBC24B209B05D13FFA9B536F0D92B03993576A89B40D11B4B11817B96B180D"
"RECEIVING_HISTORY_DEPLOYMENT_20260730T114301Z.json","11793","11F4FFE2453B3951911CFA7C431D0BF1FF5D382771BBC3381E544EEBB01DF6B2"
"RECEIVING_HISTORY_EMPLOYEE_REFERENCE_ASSESSMENT.md","577","A47AB3F3BC9A2949492811B6A2DB686166E50B2B5917382940013351E26E68CB"
"RECEIVING_HISTORY_HARNESS_RESULT.md","1087","8D590E02CBFDB1E2362900BAF77A211887499B87C4ACB2F2F30BFEF265676484"
"RECEIVING_HISTORY_HTTP_TEST_RESULTS.json","6708","943511331BF3B2DE072261FBF859F6AD1CCC9F2D54B3A3F3677410E18A2934F1"
"RECEIVING_HISTORY_IMPORT_REPORT.md","1008","231EDA1A8C77F24AEEC5842718AE57D1AB7780E20DA275899C9F34FD2D24DF7F"
"RECEIVING_HISTORY_IMPORT_RESULTS.json","4207","235BBAC193D3B1CEB2C47073C1744803143A52212798D336042F45387E8C674D"
"RECEIVING_HISTORY_INSPECTION_ASSESSMENT.md","738","930694419063C89A228F7E675112FC945EE6F6E4EADAA5FD1388A71DFD7D051D"
"RECEIVING_HISTORY_MALFORMED_DATE_POLICY.md","3162","F75ED1661B55D5444002A17CD440E0E35FB5E0CEBA2381B26C643184B53F984E"
"RECEIVING_HISTORY_MISSING_PO_CARDINALITY.csv","652","5371F5E18B8C95EB34B3A621C859E0A53A6E34261CA3659DBFD1E16171B9E0D7"
"RECEIVING_HISTORY_MISSING_PO_POLICY.md","5899","B19C72347D0FB18FB0C3FA520B84093ACDB55EC8AF16191734708D6A7BBA538C"
"RECEIVING_HISTORY_PHYSICAL_FIELD_MAP.csv","7558","B4979A89D406E40D2FA70070162C2DF3C2378BB7F3C5ED6D69C2A74F1D7CF720"
"RECEIVING_HISTORY_PLATFORM_001_FINAL_REPORT.md","3423","AB95C771AC46FB4D2BE9775BC79A8731A19E8860627F764EBD09A4FED9F77470"
"RECEIVING_HISTORY_PO_RECONCILIATION.md","563","04A0A4A4F08695F06817DB6B4C11CFA20D52A958B401E79BFC6445EDCCA10257"
"RECEIVING_HISTORY_POLICY_QUALIFICATION.md","1704","56257AFD3AC721547D7FC209FAEB18672658AD4693E773989FB06B915FE65C70"
"RECEIVING_HISTORY_POPULATION_RECONCILIATION.md","731","A0B7CA46DEBFB6C680B29B5E3F486931A08E74C70C63395D02382F300412DA67"
"RECEIVING_HISTORY_PROGRAM_AND_FILE_RELATIONSHIPS.md","1880","BA87F56A52D6126C4F7769B66E014839BA2224974A43683F9DEF8DF9B7946745"
"RECEIVING_HISTORY_QUANTITY_AND_STATUS_RULES.md","1273","E05EF8CCAC519F191F074DFC6D4A093F1C34F756027141F83FBBF3ED7A9F024F"
"RECEIVING_HISTORY_REFRESH_ASSESSMENT.md","1274","1908B3DA89CCE7F6264A68DEF7954A5D8E829A1B343A866A809C398764205021"
"RECEIVING_HISTORY_SOURCE_CONTRACT.md","2054","61E08BE07A534186B3CA619A1F1DB759C9240C371D86755832A0563C5CE01EF1"
"RECEIVING_HISTORY_SOURCE_SAFETY_EVIDENCE.md","3397","5A9EDC2AA64764C21D2569D13A60E150CE36C99CD7629CB81648E90A0B87E089"
"RECEIVING_HISTORY_SQL_SCHEMA.md","1022","93045150086218B3B76018B42086ED3F90276F7D7C2230AFAE393883044D1C85"
"RECEIVING_HISTORY_TEST_RESULTS.md","5401","1D7594554B7F21C48E03DD6AB4BC617B06F6EFAEAE4B687DA67ECDFE1A2DE59C"
"RECEIVING_HISTORY_VENDOR_AND_INVENTORY_RECONCILIATION.md","443","150284AC775F6973DDCD01C6424C013C551A578722D4F51E0953E64EC83C29DE"
"RUNTIME_VERDICT.txt","828","AC03F12105FCF9BDF10D77597DEE1AF7FCC5EF4B0AC866A0C8FA9954942C720A"
"SOURCE_PASS_SUMMARY.csv","12922","BD6A4C95EF497ABF4E9DC3DBFD9CA2A08F18E67C6C4032607DEB09A8EB34619E"
