pass,source,path,fid_before_hex,fid_after_hex,fin_before_hex,fin_after_hex,count,first_key_hex,last_key_hex,mode,identity,key_order
1,"POE-02","X:\AON\ADATA\POE-02","060F000000000100583A2F414F4E2F41444154412F504F452D3032","060F000000000100583A2F414F4E2F41444154412F504F452D3032","00038E00FFFFFFFF000180000001029B2CD000000000000000005CFD377D0000000000000000000000000000000000000000000000000000000000000000000000000000000000000000000000000209000000000000000000000000000000000000000000000000000000000000000000000000000000000000000000000000000000000000000000000000000000000000000000000000000000000000000000000000000000000000000000000000000000000000000000000000000000000000000000000000000000000000000000000000000000000000000000000000000000000000000000000000000000000000000000000000000000000000000000000000000000000000000000000000000000000000000000000000000000000000000000000000000000000000000000000000000000000000000000000000000000000000000000000000000000000000000000000000000000000000000000000000000000000000000000000000000000000000000000000000000000000000000000000000000000000000000000000000000000000000000000000000000000000000000000000000000000000000000000000000000000000000000000000000000000000000000000000000000000000000","00038E00FFFFFFFF000180000001029B2CD000000000000000005CFD377D0000000000000000000000000000000000000000000000000000000000000000000000000000000000000000000000000209000000000000000000000000000000000000000000000000000000000000000000000000000000000000000000000000000000000000000000000000000000000000000000000000000000000000000000000000000000000000000000000000000000000000000000000000000000000000000000000000000000000000000000000000000000000000000000000000000000000000000000000000000000000000000000000000000000000000000000000000000000000000000000000000000000000000000000000000000000000000000000000000000000000000000000000000000000000000000000000000000000000000000000000000000000000000000000000000000000000000000000000000000000000000000000000000000000000000000000000000000000000000000000000000000000000000000000000000000000000000000000000000000000000000000000000000000000000000000000000000000000000000000000000000000000000000000000000000000000000000",521,"202020202020202020202020202020","393939393939393939393939393939","O_RDONLY","PASS","PASS"
1,"POE-12","X:\AON\ADATA\POE-12","0617000000000100583A2F414F4E2F41444154412F504F452D3132","0617000000000100583A2F414F4E2F41444154412F504F452D3132","00096800FFFFFFFF000180000001029B2CD000000000000000005CFD370F000000000000000000000000000000000000000000000000000000000000000000000000000000000000000000000000057D000000000000000000000000000000000000000000000000000000000000000000000000000000000000000000000000000000000000000000000000000000000000000000000000000000000000000000000000000000000000000000000000000000000000000000000000000000000000000000000000000000000000000000000000000000000000000000000000000000000000000000000000000000000000000000000000000000000000000000000000000000000000000000000000000000000000000000000000000000000000000000000000000000000000000000000000000000000000000000000000000000000000000000000000000000000000000000000000000000000000000000000000000000000000000000000000000000000000000000000000000000000000000000000000000000000000000000000000000000000000000000000000000000000000000000000000000000000000000000000000000000000000000000000000000000000000000000000000000000000000","00096800FFFFFFFF000180000001029B2CD000000000000000005CFD370F000000000000000000000000000000000000000000000000000000000000000000000000000000000000000000000000057D000000000000000000000000000000000000000000000000000000000000000000000000000000000000000000000000000000000000000000000000000000000000000000000000000000000000000000000000000000000000000000000000000000000000000000000000000000000000000000000000000000000000000000000000000000000000000000000000000000000000000000000000000000000000000000000000000000000000000000000000000000000000000000000000000000000000000000000000000000000000000000000000000000000000000000000000000000000000000000000000000000000000000000000000000000000000000000000000000000000000000000000000000000000000000000000000000000000000000000000000000000000000000000000000000000000000000000000000000000000000000000000000000000000000000000000000000000000000000000000000000000000000000000000000000000000000000000000000000000000000",1404,"303130303030333130303434313138303035","303139343738353030303435343733303130","O_RDONLY","PASS","PASS"
1,"POE-04","X:\AON\ADATA\POE-04","0616000000000100583A2F414F4E2F41444154412F504F452D3034","0616000000000100583A2F414F4E2F41444154412F504F452D3034","0000AA00FFFFFFFF000180000001029B2DC000000000000000005CFC5B880000000000000000000000000000000000000000000000000000000000000000000000000000000000000000000000000000000000000000000000000000000000000000000000000000000000000000000000000000000000000000000000000000000000000000000000000000000000000000000000000000000000000000000000000000000000000000000000000000000000000000000000000000000000000000000000000000000000000000000000000000000000000000000000000000000000000000000000000000000000000000000000000000000000000000000000000000000000000000000000000000000000000000000000000000000000000000000000000000000000000000000000000000000000000000000000000000000000000000000000000000000000000000000000000000000000000000000000000000000000000000000000000000000000000000000000000000000000000000000000000000000000000000000000000000000000000000000000000000000000000000000000000000000000000000000000000000000000000000000000000000000000000000000000000000000000000000","0000AA00FFFFFFFF000180000001029B2DC000000000000000005CFC5B880000000000000000000000000000000000000000000000000000000000000000000000000000000000000000000000000000000000000000000000000000000000000000000000000000000000000000000000000000000000000000000000000000000000000000000000000000000000000000000000000000000000000000000000000000000000000000000000000000000000000000000000000000000000000000000000000000000000000000000000000000000000000000000000000000000000000000000000000000000000000000000000000000000000000000000000000000000000000000000000000000000000000000000000000000000000000000000000000000000000000000000000000000000000000000000000000000000000000000000000000000000000000000000000000000000000000000000000000000000000000000000000000000000000000000000000000000000000000000000000000000000000000000000000000000000000000000000000000000000000000000000000000000000000000000000000000000000000000000000000000000000000000000000000000000000000000000",0,"","","O_RDONLY","PASS","PASS"
1,"POE-14","X:\AON\ADATA\POE-14","06190000000000E2583A2F414F4E2F41444154412F504F452D3134","06190000000000E2583A2F414F4E2F41444154412F504F452D3134","0003DC00FFFFFFFF000180000001029B2CD000000000000000005CFC5B880000000000000000000000000000000000000000000000000000000000000000000000000000000000000000000000000013000000000000000000000000000000000000000000000000000000000000000000000000000000000000000000000000000000000000000000000000000000000000000000000000000000000000000000000000000000000000000000000000000000000000000000000000000000000000000000000000000000000000000000000000000000000000000000000000000000000000000000000000000000000000000000000000000000000000000000000000000000000000000000000000000000000000000000000000000000000000000000000000000000000000000000000000000000000000000000000000000000000000000000000000000000000000000000000000000000000000000000000000000000000000000000000000000000000000000000000000000000000000000000000000000000000000000000000000000000000000000000000000000000000000000000000000000000000000000000000000000000000000000000000000000000000000000000000000000000000000","0003DC00FFFFFFFF000180000001029B2CD000000000000000005CFC5B880000000000000000000000000000000000000000000000000000000000000000000000000000000000000000000000000013000000000000000000000000000000000000000000000000000000000000000000000000000000000000000000000000000000000000000000000000000000000000000000000000000000000000000000000000000000000000000000000000000000000000000000000000000000000000000000000000000000000000000000000000000000000000000000000000000000000000000000000000000000000000000000000000000000000000000000000000000000000000000000000000000000000000000000000000000000000000000000000000000000000000000000000000000000000000000000000000000000000000000000000000000000000000000000000000000000000000000000000000000000000000000000000000000000000000000000000000000000000000000000000000000000000000000000000000000000000000000000000000000000000000000000000000000000000000000000000000000000000000000000000000000000000000000000000000000000000000",19,"30313534393832353030333435323730303431393131303635","30313934373835303030333337313530303431313730303230","O_RDONLY","PASS","PASS"
1,"POT-04","X:\AON\ADATA\POT-04","0616000000000100583A2F414F4E2F41444154412F504F542D3034","0616000000000100583A2F414F4E2F41444154412F504F542D3034","00BCA200FFFFFFFF000180000001029B2CD000000000000000005CFC5B820000000000000000000000000000000000000000000000000000000000000000000000000000000000000000000000009A8C000000000000000000000000000000000000000000000000000000000000000000000000000000000000000000000000000000000000000000000000000000000000000000000000000000000000000000000000000000000000000000000000000000000000000000000000000000000000000000000000000000000000000000000000000000000000000000000000000000000000000000000000000000000000000000000000000000000000000000000000000000000000000000000000000000000000000000000000000000000000000000000000000000000000000000000000000000000000000000000000000000000000000000000000000000000000000000000000000000000000000000000000000000000000000000000000000000000000000000000000000000000000000000000000000000000000000000000000000000000000000000000000000000000000000000000000000000000000000000000000000000000000000000000000000000000000000000000000000000000000","00BCA200FFFFFFFF000180000001029B2CD000000000000000005CFC5B820000000000000000000000000000000000000000000000000000000000000000000000000000000000000000000000009A8C000000000000000000000000000000000000000000000000000000000000000000000000000000000000000000000000000000000000000000000000000000000000000000000000000000000000000000000000000000000000000000000000000000000000000000000000000000000000000000000000000000000000000000000000000000000000000000000000000000000000000000000000000000000000000000000000000000000000000000000000000000000000000000000000000000000000000000000000000000000000000000000000000000000000000000000000000000000000000000000000000000000000000000000000000000000000000000000000000000000000000000000000000000000000000000000000000000000000000000000000000000000000000000000000000000000000000000000000000000000000000000000000000000000000000000000000000000000000000000000000000000000000000000000000000000000000000000000000000000000000",39564,"30313030303030323030313031373230303030343534","30313935343532353030313630343530303131363330","O_RDONLY","PASS","PASS"
1,"POT-14","X:\AON\ADATA\POT-14","0619000000000100583A2F414F4E2F41444154412F504F542D3134","0619000000000100583A2F414F4E2F41444154412F504F542D3134","03A6D600FFFFFFFF000180000001029B2D3000000000000000005CFC5B82000000000000000000000000000000000000000000000000000000000000000000000000000000000000000000000002E358000000000000000000000000000000000000000000000000000000000000000000000000000000000000000000000000000000000000000000000000000000000000000000000000000000000000000000000000000000000000000000000000000000000000000000000000000000000000000000000000000000000000000000000000000000000000000000000000000000000000000000000000000000000000000000000000000000000000000000000000000000000000000000000000000000000000000000000000000000000000000000000000000000000000000000000000000000000000000000000000000000000000000000000000000000000000000000000000000000000000000000000000000000000000000000000000000000000000000000000000000000000000000000000000000000000000000000000000000000000000000000000000000000000000000000000000000000000000000000000000000000000000000000000000000000000000000000000000000000000000","03A6D600FFFFFFFF000180000001029B2D3000000000000000005CFC5B82000000000000000000000000000000000000000000000000000000000000000000000000000000000000000000000002E358000000000000000000000000000000000000000000000000000000000000000000000000000000000000000000000000000000000000000000000000000000000000000000000000000000000000000000000000000000000000000000000000000000000000000000000000000000000000000000000000000000000000000000000000000000000000000000000000000000000000000000000000000000000000000000000000000000000000000000000000000000000000000000000000000000000000000000000000000000000000000000000000000000000000000000000000000000000000000000000000000000000000000000000000000000000000000000000000000000000000000000000000000000000000000000000000000000000000000000000000000000000000000000000000000000000000000000000000000000000000000000000000000000000000000000000000000000000000000000000000000000000000000000000000000000000000000000000000000000000000",189272,"30313030303030323030313031373230303030343534303031","30313935343532353030313630343530303131363330303035","O_RDONLY","PASS","PASS"
2,"POE-02","X:\AON\ADATA\POE-02","060F000000000100583A2F414F4E2F41444154412F504F452D3032","060F000000000100583A2F414F4E2F41444154412F504F452D3032","00038E00FFFFFFFF000180000001029B2CD000000000000000005CFD377D0000000000000000000000000000000000000000000000000000000000000000000000000000000000000000000000000209000000000000000000000000000000000000000000000000000000000000000000000000000000000000000000000000000000000000000000000000000000000000000000000000000000000000000000000000000000000000000000000000000000000000000000000000000000000000000000000000000000000000000000000000000000000000000000000000000000000000000000000000000000000000000000000000000000000000000000000000000000000000000000000000000000000000000000000000000000000000000000000000000000000000000000000000000000000000000000000000000000000000000000000000000000000000000000000000000000000000000000000000000000000000000000000000000000000000000000000000000000000000000000000000000000000000000000000000000000000000000000000000000000000000000000000000000000000000000000000000000000000000000000000000000000000000000000000000000000000000","00038E00FFFFFFFF000180000001029B2CD000000000000000005CFD377D0000000000000000000000000000000000000000000000000000000000000000000000000000000000000000000000000209000000000000000000000000000000000000000000000000000000000000000000000000000000000000000000000000000000000000000000000000000000000000000000000000000000000000000000000000000000000000000000000000000000000000000000000000000000000000000000000000000000000000000000000000000000000000000000000000000000000000000000000000000000000000000000000000000000000000000000000000000000000000000000000000000000000000000000000000000000000000000000000000000000000000000000000000000000000000000000000000000000000000000000000000000000000000000000000000000000000000000000000000000000000000000000000000000000000000000000000000000000000000000000000000000000000000000000000000000000000000000000000000000000000000000000000000000000000000000000000000000000000000000000000000000000000000000000000000000000000000",521,"202020202020202020202020202020","393939393939393939393939393939","O_RDONLY","PASS","PASS"
2,"POE-12","X:\AON\ADATA\POE-12","0617000000000100583A2F414F4E2F41444154412F504F452D3132","0617000000000100583A2F414F4E2F41444154412F504F452D3132","00096800FFFFFFFF000180000001029B2CD000000000000000005CFD370F000000000000000000000000000000000000000000000000000000000000000000000000000000000000000000000000057D000000000000000000000000000000000000000000000000000000000000000000000000000000000000000000000000000000000000000000000000000000000000000000000000000000000000000000000000000000000000000000000000000000000000000000000000000000000000000000000000000000000000000000000000000000000000000000000000000000000000000000000000000000000000000000000000000000000000000000000000000000000000000000000000000000000000000000000000000000000000000000000000000000000000000000000000000000000000000000000000000000000000000000000000000000000000000000000000000000000000000000000000000000000000000000000000000000000000000000000000000000000000000000000000000000000000000000000000000000000000000000000000000000000000000000000000000000000000000000000000000000000000000000000000000000000000000000000000000000000000","00096800FFFFFFFF000180000001029B2CD000000000000000005CFD370F000000000000000000000000000000000000000000000000000000000000000000000000000000000000000000000000057D000000000000000000000000000000000000000000000000000000000000000000000000000000000000000000000000000000000000000000000000000000000000000000000000000000000000000000000000000000000000000000000000000000000000000000000000000000000000000000000000000000000000000000000000000000000000000000000000000000000000000000000000000000000000000000000000000000000000000000000000000000000000000000000000000000000000000000000000000000000000000000000000000000000000000000000000000000000000000000000000000000000000000000000000000000000000000000000000000000000000000000000000000000000000000000000000000000000000000000000000000000000000000000000000000000000000000000000000000000000000000000000000000000000000000000000000000000000000000000000000000000000000000000000000000000000000000000000000000000000000",1404,"303130303030333130303434313138303035","303139343738353030303435343733303130","O_RDONLY","PASS","PASS"
2,"POE-04","X:\AON\ADATA\POE-04","0616000000000100583A2F414F4E2F41444154412F504F452D3034","0616000000000100583A2F414F4E2F41444154412F504F452D3034","0000AA00FFFFFFFF000180000001029B2E3800000000000000005CFC5B880000000000000000000000000000000000000000000000000000000000000000000000000000000000000000000000000000000000000000000000000000000000000000000000000000000000000000000000000000000000000000000000000000000000000000000000000000000000000000000000000000000000000000000000000000000000000000000000000000000000000000000000000000000000000000000000000000000000000000000000000000000000000000000000000000000000000000000000000000000000000000000000000000000000000000000000000000000000000000000000000000000000000000000000000000000000000000000000000000000000000000000000000000000000000000000000000000000000000000000000000000000000000000000000000000000000000000000000000000000000000000000000000000000000000000000000000000000000000000000000000000000000000000000000000000000000000000000000000000000000000000000000000000000000000000000000000000000000000000000000000000000000000000000000000000000000000000","0000AA00FFFFFFFF000180000001029B2E3800000000000000005CFC5B880000000000000000000000000000000000000000000000000000000000000000000000000000000000000000000000000000000000000000000000000000000000000000000000000000000000000000000000000000000000000000000000000000000000000000000000000000000000000000000000000000000000000000000000000000000000000000000000000000000000000000000000000000000000000000000000000000000000000000000000000000000000000000000000000000000000000000000000000000000000000000000000000000000000000000000000000000000000000000000000000000000000000000000000000000000000000000000000000000000000000000000000000000000000000000000000000000000000000000000000000000000000000000000000000000000000000000000000000000000000000000000000000000000000000000000000000000000000000000000000000000000000000000000000000000000000000000000000000000000000000000000000000000000000000000000000000000000000000000000000000000000000000000000000000000000000000000",0,"","","O_RDONLY","PASS","PASS"
2,"POE-14","X:\AON\ADATA\POE-14","06190000000000E2583A2F414F4E2F41444154412F504F452D3134","06190000000000E2583A2F414F4E2F41444154412F504F452D3134","0003DC00FFFFFFFF000180000001029B2D0000000000000000005CFC5B880000000000000000000000000000000000000000000000000000000000000000000000000000000000000000000000000013000000000000000000000000000000000000000000000000000000000000000000000000000000000000000000000000000000000000000000000000000000000000000000000000000000000000000000000000000000000000000000000000000000000000000000000000000000000000000000000000000000000000000000000000000000000000000000000000000000000000000000000000000000000000000000000000000000000000000000000000000000000000000000000000000000000000000000000000000000000000000000000000000000000000000000000000000000000000000000000000000000000000000000000000000000000000000000000000000000000000000000000000000000000000000000000000000000000000000000000000000000000000000000000000000000000000000000000000000000000000000000000000000000000000000000000000000000000000000000000000000000000000000000000000000000000000000000000000000000000000","0003DC00FFFFFFFF000180000001029B2D0000000000000000005CFC5B880000000000000000000000000000000000000000000000000000000000000000000000000000000000000000000000000013000000000000000000000000000000000000000000000000000000000000000000000000000000000000000000000000000000000000000000000000000000000000000000000000000000000000000000000000000000000000000000000000000000000000000000000000000000000000000000000000000000000000000000000000000000000000000000000000000000000000000000000000000000000000000000000000000000000000000000000000000000000000000000000000000000000000000000000000000000000000000000000000000000000000000000000000000000000000000000000000000000000000000000000000000000000000000000000000000000000000000000000000000000000000000000000000000000000000000000000000000000000000000000000000000000000000000000000000000000000000000000000000000000000000000000000000000000000000000000000000000000000000000000000000000000000000000000000000000000000000",19,"30313534393832353030333435323730303431393131303635","30313934373835303030333337313530303431313730303230","O_RDONLY","PASS","PASS"
2,"POT-04","X:\AON\ADATA\POT-04","0616000000000100583A2F414F4E2F41444154412F504F542D3034","0616000000000100583A2F414F4E2F41444154412F504F542D3034","00BCA200FFFFFFFF000180000001029B2DC000000000000000005CFC5B820000000000000000000000000000000000000000000000000000000000000000000000000000000000000000000000009A8C000000000000000000000000000000000000000000000000000000000000000000000000000000000000000000000000000000000000000000000000000000000000000000000000000000000000000000000000000000000000000000000000000000000000000000000000000000000000000000000000000000000000000000000000000000000000000000000000000000000000000000000000000000000000000000000000000000000000000000000000000000000000000000000000000000000000000000000000000000000000000000000000000000000000000000000000000000000000000000000000000000000000000000000000000000000000000000000000000000000000000000000000000000000000000000000000000000000000000000000000000000000000000000000000000000000000000000000000000000000000000000000000000000000000000000000000000000000000000000000000000000000000000000000000000000000000000000000000000000000000","00BCA200FFFFFFFF000180000001029B2DC000000000000000005CFC5B820000000000000000000000000000000000000000000000000000000000000000000000000000000000000000000000009A8C000000000000000000000000000000000000000000000000000000000000000000000000000000000000000000000000000000000000000000000000000000000000000000000000000000000000000000000000000000000000000000000000000000000000000000000000000000000000000000000000000000000000000000000000000000000000000000000000000000000000000000000000000000000000000000000000000000000000000000000000000000000000000000000000000000000000000000000000000000000000000000000000000000000000000000000000000000000000000000000000000000000000000000000000000000000000000000000000000000000000000000000000000000000000000000000000000000000000000000000000000000000000000000000000000000000000000000000000000000000000000000000000000000000000000000000000000000000000000000000000000000000000000000000000000000000000000000000000000000000000",39564,"30313030303030323030313031373230303030343534","30313935343532353030313630343530303131363330","O_RDONLY","PASS","PASS"
2,"POT-14","X:\AON\ADATA\POT-14","0619000000000100583A2F414F4E2F41444154412F504F542D3134","0619000000000100583A2F414F4E2F41444154412F504F542D3134","03A6D600FFFFFFFF000180000001029B2CD000000000000000005CFC5B82000000000000000000000000000000000000000000000000000000000000000000000000000000000000000000000002E358000000000000000000000000000000000000000000000000000000000000000000000000000000000000000000000000000000000000000000000000000000000000000000000000000000000000000000000000000000000000000000000000000000000000000000000000000000000000000000000000000000000000000000000000000000000000000000000000000000000000000000000000000000000000000000000000000000000000000000000000000000000000000000000000000000000000000000000000000000000000000000000000000000000000000000000000000000000000000000000000000000000000000000000000000000000000000000000000000000000000000000000000000000000000000000000000000000000000000000000000000000000000000000000000000000000000000000000000000000000000000000000000000000000000000000000000000000000000000000000000000000000000000000000000000000000000000000000000000000000000","03A6D600FFFFFFFF000180000001029B2CD000000000000000005CFC5B82000000000000000000000000000000000000000000000000000000000000000000000000000000000000000000000002E358000000000000000000000000000000000000000000000000000000000000000000000000000000000000000000000000000000000000000000000000000000000000000000000000000000000000000000000000000000000000000000000000000000000000000000000000000000000000000000000000000000000000000000000000000000000000000000000000000000000000000000000000000000000000000000000000000000000000000000000000000000000000000000000000000000000000000000000000000000000000000000000000000000000000000000000000000000000000000000000000000000000000000000000000000000000000000000000000000000000000000000000000000000000000000000000000000000000000000000000000000000000000000000000000000000000000000000000000000000000000000000000000000000000000000000000000000000000000000000000000000000000000000000000000000000000000000000000000000000000000",189272,"30313030303030323030313031373230303030343534303031","30313935343532353030313630343530303131363330303035","O_RDONLY","PASS","PASS"
