"FileName","Bytes","Sha256"
"BASELINE.json","5431","0AD16ECF9789E11F27D8F61B6538571B9652CAC025024274E2F92E205A33702F"
"VENDOR_MASTER_ACCESS_CLASSIFICATION.csv","1311","D8117B91C1E68A0EC161984F64265D6F809813029BDC660A194E98A48A2FC8A9"
"VENDOR_MASTER_API_CONTRACT.md","904","2C0AB2F73979848BDB6B6F68EF5A6A17DA9CD95098629E2D11FE97B7F5E10AFD"
"VENDOR_MASTER_AUTOMATED_TEST_RESULTS.json","3376","8B199DCAB60379D0B46CAFEC52A559FBCD9584B05F50C630A7E1CE259A3A3093"
"VENDOR_MASTER_BASELINE_EXTRACTION_REPORT.md","786","E557C94FEB27C3B07F840FA3ED70275435318C549EC3E50510BDF23FB829975B"
"VENDOR_MASTER_BROWSER_ACCEPTANCE.md","998","4AE405EA85CEB4BE58C8B937F7A8D1DFAB8C9D3621DBF8D68F01584CB336DE36"
"VENDOR_MASTER_CANONICAL_PROPOSAL.md","983","DE76994F31326D8C9D2A99A3E59E3D0DA52F35A5A9B99C2C4E3CBD2FB5A88C14"
"VENDOR_MASTER_DEPLOYMENT_INITIAL_20260729T202419Z.json","2409","281498C6E0FD2BD2DAD308CCE7541B8CD4509C3FC9D044BE5536928A9351C8C6"
"VENDOR_MASTER_HARNESS_RESULT.md","532","0386F6CCD53BBAF55AAB35C8E9A2F2D7B4FBFD7C27A0AD9D48EABEB19B7A607E"
"VENDOR_MASTER_HTTP_TEST_RESULTS.json","5280","EF20D17941A5E91A682968297EB9BEB56C3F9E7C3A96ADB5C260B75682AB9088"
"VENDOR_MASTER_IMPORT_QUALIFICATION.json","707","D7594B0669EE2D407EFE824764F0EEA56896919C43BC727F15F508C116324B8D"
"VENDOR_MASTER_IMPORT_REPORT.md","670","D0400EB20108A60F7E4BDC3025532A64EB3694CD84A240556FD5CDE54B80798D"
"VENDOR_MASTER_PHYSICAL_FIELD_MAP.csv","3656","BA40295EC0D884DCAAD33432206FDAAE146F8E10D846C2F96A34B4ED51A2BE02"
"VENDOR_MASTER_PLATFORM_001_FINAL_REPORT.md","4103","DE2FE32F66FCA8A1C178BF0247A411A2C0DCE4DEDAC6D3DC1F42DC46869D30B0"
"VENDOR_MASTER_POPULATION_RECONCILIATION.md","1203","65F8A10DD485E6D23FDE725C95809B6ABFF460FCEB65EA2E2A493B41498D641F"
"VENDOR_MASTER_PROGRAM_AND_FILE_RELATIONSHIPS.md","1479","4F0D362C65F8E2E92E94A378F4FA291F3F70150B13B70AB1F006AE2DE54FFD08"
"VENDOR_MASTER_REFRESH_ASSESSMENT.md","722","4A9F6B739E1B1284F0C03F1C118367C3403B5BB80CE8C32640CA7EE6FCA4FD3C"
"VENDOR_MASTER_RUNTIME_QUALIFICATION.json","1106","3669C46D876D29FEB3D68EA92E58E612B9A623301CB6B687C673AC68CDFEF952"
"VENDOR_MASTER_SOURCE_CONTRACT.md","2476","9F4F8358E3E91C6F208F4CF98F86CF48ECB4D8D078D1D4319462A3EB4655F492"
"VENDOR_MASTER_SOURCE_SAFETY_EVIDENCE.md","631","660093D29F88EFFB90ED0B388B5A953326EB71CC9765EBB00BE71157ED3829E5"
"VENDOR_MASTER_SQL_SCHEMA.md","880","15D5B961222DAEB6A7ABA2CCAE7ACBA1F06090BFC84CD7C1EF531757CAE1E6B2"
"VENDOR_MASTER_TEST_RESULTS.md","1313","6A9815D06DB1673EE0B8AE908F19442DE1BE28AD74B5098C03FBB82B2123A1F1"
