"FileName","Length","Sha256"
"CACHE_VERSIONING_LOCAL_QUALIFICATION.json","4449","775059DEE7D7729D1D120E54574434DF1293524A0309B2D8C813EA73F065F775"
"CACHE_VERSIONING_QUALIFICATION.md","1068","CF49B6E138ADE0A0CB20FAF0A5FD2EC09F157C65F4A83CE71F6517C8C7DB9D51"
"DEPLOYMENT_20260730T013342Z.json","1546","4DDDBDEB95334D841BCEB2CFD6F602CC618FA0559279FD5D575128572BA9E9F0"
"DEPLOYMENT_20260730T015034Z.json","1561","D2FD13102E5FD9B4143CB27893E753771E76A5C5F7063F5F5850AA563A0B0F1B"
"DEPLOYMENT_20260730T020640Z.json","1539","5BF6380B300290EC295504A74D809987C5E7B6587B506133063B253A8C5179E2"
"DEPLOYMENT_20260730T021201Z.json","13815","E197581750232C2436CC72B723C09DBFE11E333A785C2C26401E4F8D1C0EFAFE"
"DEPLOYMENT_20260730T021744Z.json","1509","7D8877E9992D4C91F88CD9478C12CF741B5017E08FC936844EAAAC6F10062933"
"DEPLOYMENT_20260730T022614Z.json","13275","918711FE5865CF436A0D8FA9D4D985CD73874BD319CF945487F7E03B18843747"
"FRESHNESS_AND_SOURCE_CHECK_MODEL.md","1316","CB5FCC012B1F4E8DAC03058EB8CA13D584BFE3673B21A5E8EE755F5562C7E373"
"FRONTEND_CACHE_ROOT_CAUSE.md","1099","581E046F7D6DAE2462F20313E252526D896AF1513AAC859BC89FB38BF5ADC225"
"FRONTEND_DEPLOYMENT_20260730T023933Z.json","966","4619A6A42C7C9260C19405B3F43C565B9262EF598EA60717C29C141842CE52D6"
"FRONTEND_DEPLOYMENT_20260730T024346Z.json","966","204CFC39D3C4F0719687CBF0B3DE239A1F19CAC01D0A3387523008822ABB5682"
"FRONTEND_DEPLOYMENT_20260730T025139Z.json","966","D251836CDA4925D97AA37E2C70571436E690B733E36F741213EE51421A4E019E"
"FRONTEND_DEPLOYMENT_20260730T025218Z.json","966","13E38DD2BFFC825A1CFF2BDCF8A66CA4D9E370C9E34F2C43D1B1463BC0FBDC62"
"FRONTEND_DEPLOYMENT_AND_ROLLBACK.md","1221","2927ADD482DDC7AB63B199B5FA90E340AC9C1CDC0AA996D29FAF91698C925E79"
"FRONTEND_VERSIONING_DESIGN.md","984","BD83A7427FE8A3E3DC9C796816F5E5BBEAE09BCCF9F3066A999B0120FF13F3AA"
"LIVE_BROWSER_ACCEPTANCE.md","1087","720F9F7FFE4A215185201E4AC4BF09D8728C5EA762F6A94F0BB9E7920F01236D"
"NO_CHANGE_LIVE_QUALIFICATION.json","9592","1A9F6BC15A2F900C66798DCC0E723EFC96E10BDB82311EF3ACAEFE8DF2A5D535"
"NO_CHANGE_PRECHECK.json","5172","471E7ECB57AA8803B0073636EF4E03353DCE8E2D1C6CDD4EEB97B675304A497E"
"PLATFORM_FRESHNESS_CACHE_001_FINAL_REPORT.md","1485","B0B22DBC822BAE82CE30154419D8DC3735108D5A5B25BB62287D4EDCDDE6DBC4"
"PLATFORM_FRESHNESS_CACHE_CONTRACT.md","11159","3502F26749CE9ACF1CFD8202CF6F708FC8A2DA384F9C008D7F0D8D8AC2C713AF"
"READINESS_API_CONTRACT.md","859","833636BB8C35838A427A3C427D3560C20847D37D488178EE1EC18F29CD830BB9"
"READINESS_ROOT_CAUSE.md","750","A21761A5D1811815F694372576AD7A79FD6DAADA70EFA36ACBE94D0FAADBB550"
"REGRESSION_TEST_RESULTS.md","901","4DA35BEA0AAABD8908991641CF4885BF47EB1A2416470AC14805D4D509C72284"
"SECURITY_AND_CORS_EVIDENCE.md","843","75A095F72EDAA30D1C539B8903B2BBAA1EC78B4210FF61EB8A2A97DD51DA5BD5"
"SOURCE_CHECK_QUALIFICATION.md","1045","C898DF76ABA94D3ADA0C619F1BAE905AB9EF35AA0958AE3DC1329CA982452406"
"VIEWER_WARNING_AND_STATUS_BEHAVIOR.md","714","6CC9A8FCAA20EB16405EF9ADE9D0DE140AF208755A7B02C7922DD846D1FBE091"
